{
    "action": {
        "min": [
            -0.042013686150312424,
            -0.07106958329677582,
            -0.06328380107879639,
            -0.12874160706996918,
            -0.1675107330083847,
            -0.1770566701889038,
            0.0
        ],
        "max": [
            0.1502547711133957,
            0.13956567645072937,
            0.06748270243406296,
            0.5944016575813293,
            0.15242938697338104,
            0.2500869035720825,
            1.0
        ],
        "mean": [
            0.026666218414902687,
            0.035429589450359344,
            -0.0013902615755796432,
            0.10357777774333954,
            -0.018049435690045357,
            0.02716708742082119,
            0.6486486196517944
        ],
        "std": [
            0.053467851132154465,
            0.05487331002950668,
            0.03683742880821228,
            0.18997704982757568,
            0.084790900349617,
            0.11284566670656204,
            0.47739246487617487
        ],
        "count": [
            37
        ],
        "q01": [
            -0.042013686150312424,
            -0.07106958329677582,
            -0.06328380107879639,
            -0.12874160706996918,
            -0.1675107330083847,
            -0.1770566701889038,
            -1.000000013351432e-10
        ],
        "q10": [
            -0.03145045749843121,
            -0.056590515002608296,
            -0.056073335185647014,
            -0.06775170266628265,
            -0.15236476361751555,
            -0.12949851006269456,
            -1.000000013351432e-10
        ],
        "q50": [
            0.008264515548944473,
            0.03721800446510315,
            -0.001052018254995346,
            0.006558507680892944,
            -0.014739327132701874,
            0.004607491195201874,
            0.9998458077510198
        ],
        "q90": [
            0.13207769840955735,
            0.1097102329134941,
            0.05755230039358139,
            0.38834924101829527,
            0.10036231875419617,
            0.18527213037014006,
            0.9999691615502041
        ],
        "q99": [
            0.1502405409514904,
            0.13955008998513221,
            0.06747302912175655,
            0.5943481552600861,
            0.1524057123064995,
            0.2500552895665169,
            0.9999969161550203
        ]
    },
    "episode_index": {
        "min": [
            12202
        ],
        "max": [
            12202
        ],
        "mean": [
            12202.0
        ],
        "std": [
            0.0
        ],
        "count": [
            37
        ],
        "q01": [
            12202.0
        ],
        "q10": [
            12202.0
        ],
        "q50": [
            12202.0
        ],
        "q90": [
            12202.000000000002
        ],
        "q99": [
            12202.000000000002
        ]
    },
    "observation.state": {
        "min": [
            0.43813619017601013,
            -0.21666261553764343,
            0.8360998034477234,
            -0.6349973678588867,
            -0.5899752974510193,
            -0.35841241478919983,
            -0.40939050912857056,
            0.0
        ],
        "max": [
            0.7810962200164795,
            0.32087650895118713,
            0.9859723448753357,
            0.6591854691505432,
            0.7807550430297852,
            0.3846968710422516,
            0.5066698789596558,
            1.0
        ],
        "mean": [
            0.6936432123184204,
            0.10765194147825241,
            0.8925507068634033,
            -0.28039661049842834,
            0.3858878016471863,
            0.042134109884500504,
            0.17984019219875336,
            0.3583105206489563
        ],
        "std": [
            0.09372281283140182,
            0.16888707876205444,
            0.045978233218193054,
            0.5254688858985901,
            0.53960120677948,
            0.2433006018400192,
            0.33446744084358215,
            0.4368537962436676
        ],
        "count": [
            37
        ],
        "q01": [
            0.43813619017601013,
            -0.21666261553764343,
            0.8360998034477234,
            -0.6349973678588867,
            -0.5899752974510193,
            -0.35841241478919983,
            -0.40939050912857056,
            -1.000000013351432e-10
        ],
        "q10": [
            0.5070505738258362,
            -0.1711115464568138,
            0.8523969292640686,
            -0.619803661108017,
            -0.5593531727790833,
            -0.34017651677131655,
            -0.39753669798374175,
            -1.000000013351432e-10
        ],
        "q50": [
            0.7139103710651398,
            0.09322868287563324,
            0.8722940385341644,
            -0.5693823099136353,
            0.6789098978042603,
            0.10967211425304413,
            0.3488326668739319,
            -1.000000013351432e-10
        ],
        "q90": [
            0.7710337817668915,
            0.3153183698654175,
            0.9761796534061433,
            0.6553804397583007,
            0.7504071593284607,
            0.35665192604064944,
            0.46623497605323794,
            0.9999177641338772
        ],
        "q99": [
            0.7810708582401276,
            0.32083672404289243,
            0.9859612518548967,
            0.65908964574337,
            0.7807043525576591,
            0.38464186906814574,
            0.5066020858287811,
            0.9999917764133878
        ]
    },
    "observation.images.image": {
        "min": [
            [
                [
                    0.0
                ]
            ],
            [
                [
                    0.0
                ]
            ],
            [
                [
                    0.0
                ]
            ]
        ],
        "max": [
            [
                [
                    0.996078431372549
                ]
            ],
            [
                [
                    0.8
                ]
            ],
            [
                [
                    0.7019607843137254
                ]
            ]
        ],
        "mean": [
            [
                [
                    0.4128032829474695
                ]
            ],
            [
                [
                    0.2890572161085718
                ]
            ],
            [
                [
                    0.20361449224960254
                ]
            ]
        ],
        "std": [
            [
                [
                    0.0
                ]
            ],
            [
                [
                    0.0
                ]
            ],
            [
                [
                    0.0
                ]
            ]
        ],
        "count": [
            37
        ],
        "q01": [
            [
                [
                    -3.9215686274509807e-13
                ]
            ],
            [
                [
                    -3.9215686274509807e-13
                ]
            ],
            [
                [
                    -3.9215686274509807e-13
                ]
            ]
        ],
        "q10": [
            [
                [
                    0.027439317811144427
                ]
            ],
            [
                [
                    0.015759036645209362
                ]
            ],
            [
                [
                    -3.9215686274509807e-13
                ]
            ]
        ],
        "q50": [
            [
                [
                    0.45495603945922797
                ]
            ],
            [
                [
                    0.30194369426741974
                ]
            ],
            [
                [
                    0.20001097888755004
                ]
            ]
        ],