{
    "index": {
        "min": [
            728
        ],
        "max": [
            1114
        ],
        "mean": [
            921.0
        ],
        "std": [
            111.71690412227967
        ],
        "count": [
            387
        ],
        "q01": [
            731.0007639999016
        ],
        "q10": [
            766.0364399999197
        ],
        "q50": [
            921.0386000000001
        ],
        "q90": [
            1075.9635600000802
        ],
        "q99": [
            1110.9992360000983
        ]
    },
    "observation.states.end_effector": {
        "min": [
            -0.4304104745388031,
            0.5016410946846008,
            0.19858711957931519,
            2.845029354095459,
            -1.0498651266098022,
            -0.28230583667755127
        ],
        "max": [
            -0.4304104745388031,
            0.5016410946846008,
            0.19858711957931519,
            2.845029354095459,
            -1.0498651266098022,
            -0.28230583667755127
        ],
        "mean": [
            -0.43041014671325684,
            0.5016430020332336,
            0.19858628511428833,
            2.845027208328247,
            -1.0498656034469604,
            -0.28230494260787964
        ],
        "std": [
            0.0008188725332729518,
            0.0,
            0.0007298743003048003,
            0.006253051105886698,
            0.0,
            0.0007524919346906245
        ],
        "count": [
            387
        ],
        "q01": [
            -0.4304104745388031,
            0.5016410946846008,
            0.19858711957931519,
            2.845029354095459,
            -1.0498651266098022,
            -0.28230583667755127
        ],
        "q10": [
            -0.4304104745388031,
            0.5016410946846008,
            0.19858711957931519,
            2.845029354095459,
            -1.0498651266098022,
            -0.28230583667755127
        ],
        "q50": [
            -0.4304104745388031,
            0.5016410946846008,
            0.19858711957931519,
            2.845029354095459,
            -1.0498651266098022,
            -0.28230583667755127
        ],
        "q90": [
            -0.4304104745388031,
            0.5016410946846008,
            0.19858711957931519,
            2.845029354095459,
            -1.0498651266098022,
            -0.28230583667755127
        ],
        "q99": [
            -0.4304104745388031,
            0.5016410946846008,
            0.19858711957931519,
            2.845029354095459,
            -1.0498651266098022,
            -0.28230583667755127
        ]
    },
    "observation.images.camera_top": {
        "min": [
            [
                [
                    0.0
                ]
            ],
            [
                [
                    0.047058823529411764
                ]
            ],
            [
                [
                    0.0
                ]
            ]
        ],
        "max": [
            [
                [
                    1.0
                ]
            ],
            [
                [
                    1.0
                ]
            ],
            [
                [
                    1.0
                ]
            ]
        ],
        "mean": [
            [
                [
                    0.4521778696895425
                ]
            ],
            [
                [
                    0.44668284722222223
                ]
            ],
            [
                [
                    0.4059463888888889
                ]
            ]
        ],
        "std": [
            [
                [
                    0.0
                ]
            ],
            [
                [
                    0.0
                ]
            ],
            [
                [
                    0.0
                ]
            ]
        ],
        "count": [
            100
        ],
        "q01": [
            [
                [
                    0.13331821909754485
                ]
            ],
            [
                [
                    0.13725612394926193
                ]
            ],
            [
                [
                    0.003965194400855121
                ]
            ]
        ],
        "q10": [
            [
                [
                    0.24706843699025113
                ]
            ],
            [
                [
                    0.2667201063358145
                ]
            ],
            [
                [
                    0.16476367321063
                ]
            ]
        ],
        "q50": [
            [
                [
                    0.4000808841388577
                ]
            ],
            [
                [
                    0.39985864171157387
                ]
            ],
            [
                [
                    0.3607395200351175
                ]
            ]
        ],
        "q90": [
            [
                [
                    0.6822734842035935
                ]
            ],
            [
                [
                    0.6783347533315619
                ]
            ],
            [
                [
                    0.674549214878084
                ]
            ]
        ],
        "q99": [
            [
                [
                    0.7254523655218876
                ]
            ],
            [
                [
                    0.721680174269295
                ]
            ],
            [
                [
                    0.7295175879398783
                ]
            ]
        ]
    },
    "actions.joint_position": {
        "min": [
            2.032524585723877,
            -2.0923497676849365,
            -1.596811294555664,
            -1.6245163679122925,
            1.5232739448547363,
            0.8053399324417114,
            0.0
        ],
        "max": [
            2.733553647994995,
            -1.587670087814331,
            -1.3805826902389526,
            -1.1121361255645752,
            1.8514838218688965,
            1.5431691408157349,
            0.4411669671535492
        ],
        "mean": [
            2.3249168395996094,
            -1.850473165512085,
            -1.514878511428833,
            -1.3011988401412964,
            1.6836684942245483,
            1.1485402584075928,
            0.13562984764575958
        ],
        "std": [
            0.222999706864357,
            0.1715320348739624,
            0.05259176716208458,
            0.1514805555343628,
            0.07077214866876602,
            0.22724705934524536,
            0.19631201028823853
        ],
        "count": [
            387
        ],
        "q01": [
            2.032524585723877,
            -2.08927774310112,
            -1.592276118993759,
            -1.6245163679122925,
            1.526284977197647,
            0.8053399324417114,
            -1.000000013351432e-10
        ],
        "q10": [
            2.0417675733566285,
            -2.072372132539749,
            -1.5677276174227397,
            -1.5261700987815856,
            1.5907489866018296,
            0.8313373506069184,
            -1.000000013351432e-10
        ],
        "q50": [
            2.299350214004517,
            -1.8822516202926636,
            -1.5309208227742104,
            -1.3054571747779846,
            1.6751661837100982,
            1.1747709512710571,
            -1.000000013351432e-10
        ],
        "q90": [
            2.6920738697052,
            -1.599951472878456,
            -1.4219991087913513,
            -1.1151225648428265,
            1.77325521340737,
            1.455743658542633,
            0.4347537414385722
        ],